INSERT INTO SERVICE (COSTPERUNIT, NAME, ID, CREATED, MODIFIED) VALUES (10, 'Osteopathie', 1, CURRENT_TIMESTAMP(), CURRENT_TIMESTAMP());
INSERT INTO SERVICE (COSTPERUNIT, NAME, ID, CREATED, MODIFIED) VALUES (20, 'Reiki', 2, {ts '2015-03-05 10:47:02'}, {ts '2015-03-05 10:47:02'});
INSERT INTO SERVICE (COSTPERUNIT, NAME, ID, CREATED, MODIFIED) VALUES (30, 'Ohrakupunktur', 3, {ts '2015-03-05 10:47:02'}, {ts '2015-03-05 10:47:02'});
INSERT INTO SERVICE (COSTPERUNIT, NAME, ID, CREATED, MODIFIED) VALUES (40, 'ALKDFJAKLEJFKNKADSJFKJFJDFFJHFRJFNJVBAJKFBNAJDFNAKJSDFNASDJKNFJFVRJAVNA', 4, {ts '2015-03-05 10:47:02'}, {ts '2015-03-05 10:47:02'});

INSERT INTO PATIENT (ID, GIVENNAME, NAME, INSURANCE, PRIVATELYINSURED, ASSISTANCEINSURANCE, BIRTHDAY, ADDRESS, ZIPCODE, CITY, PHONE, EMAIL, CREATED, MODIFIED) VALUES (1, 'Bernadette', 'Wilson', 'TKK', TRUE, FALSE, {ts '1999-01-01'}, 'KING ALEXANDER RD', '99999', 'Babylon', '8947520983475','bernadette.wilson@testing.test', {ts '2014-08-15 14:57:51'}, {ts '2014-08-21 20:07:51'});
INSERT INTO PATIENTDYNAMIC(ID, PATIENT, FIELDNAME, VALUE) VALUES (1, 1, 'AKDFADKSFJRKNFRND', '4235463635');
INSERT INTO PATIENTDYNAMIC(ID, PATIENT, FIELDNAME, VALUE) VALUES (2, 1, 'AKLDSJFALKSDFJAKDFRKFVVA', 'bubu@bubu.bu');
INSERT INTO PATIENTDYNAMIC(ID, PATIENT, FIELDNAME, VALUE) VALUES (3, 1, 'KTKTKTKTKTKTOFPFE', '4235463635');
INSERT INTO PATIENTDYNAMIC(ID, PATIENT, FIELDNAME, VALUE) VALUES (4, 1, 'KORUUPRPRHIHBRBFR', 'bubu@bubu.bu');
INSERT INTO APPOINTMENT(ID, PATIENT, DATE, DURATION, SERVICE, DESCRIPTION) VALUES (1, 1, {ts '2015-03-05 10:00:00'}, 1, 1, 'KDLJSKL:FJKSLDFJKLDSFJKLSDFJ');
INSERT INTO APPOINTMENT(ID, PATIENT, DATE, DURATION, SERVICE, DESCRIPTION) VALUES (2, 1, {ts '2015-03-05 11:30:00'}, 0.5, 1, '');
INSERT INTO PATIENTFILE(ID, PATIENT, FILE, CREATED, MODIFIED) VALUES (1, 1, 'This is a test file for user 1. BLDKSJFKSDFJKLRJKNFSJDHFLJKSHJDCCMNRBFRLSSKJDVFSDJFSDJCBSDNCASJFBSDKJFBLJJBRLJSBDmb', {ts '2015-03-05 10:47:02'}, {ts '2015-03-05 10:47:02'});
INSERT INTO PATIENT (ID, GIVENNAME, NAME, INSURANCE, PRIVATELYINSURED, ASSISTANCEINSURANCE, BIRTHDAY, ADDRESS, ZIPCODE, CITY, PHONE, EMAIL, CREATED, MODIFIED) VALUES (2, 'Katherine', 'Blake', 'BUU', TRUE, FALSE, {ts '1999-01-01'}, 'KING ALEXANDER RD', '99999', 'Babylon', '23452456547658','katherine.blake@testing.test', {ts '2014-08-15 14:57:51'}, {ts '2014-08-21 20:07:51'});
INSERT INTO PATIENTDYNAMIC(ID, PATIENT, FIELDNAME, VALUE) VALUES (5, 2, 'AKDFADKSFJRKNFRND', '4235463635');
INSERT INTO PATIENTDYNAMIC(ID, PATIENT, FIELDNAME, VALUE) VALUES (6, 2, 'AKLDSJFALKSDFJAKDFRKFVVA', 'bubu@bubu.bu');
INSERT INTO APPOINTMENT(ID, PATIENT, DATE, DURATION, SERVICE, DESCRIPTION) VALUES (3, 2, {ts '2016-01-05 10:00:00'}, 1, 1, 'KDLJSKL:FJKSLDFJKLDSFJKLSDFJ');
INSERT INTO APPOINTMENT(ID, PATIENT, DATE, DURATION, SERVICE, DESCRIPTION) VALUES (4, 2, {ts '2016-01-09 11:30:00'}, 2, 1, '');
INSERT INTO APPOINTMENT(ID, PATIENT, DATE, DURATION, SERVICE, DESCRIPTION) VALUES (5, 2, {ts '2016-01-07 10:30:00'}, 1, 1, 'KDLJSKL:FJKSLDFJKLDSFJKLSDFJ');
INSERT INTO APPOINTMENT(ID, PATIENT, DATE, DURATION, SERVICE, DESCRIPTION) VALUES (6, 2, {ts '2016-02-05 11:45:00'}, 0.5, 1, '');
INSERT INTO PATIENTFILE(ID, PATIENT, FILE, CREATED, MODIFIED) VALUES (2, 2, 'This is a test file for user 2. BLDKSJFKSDFJKLRJKNFSJDHFLJKSHJDCCMNRBFRLSSKJDVFSDJFSDJCBSDNCASJFBSDKJFBLJJBRLJSBDmb', {ts '2015-03-05 10:47:02'}, {ts '2015-03-05 10:47:02'});
INSERT INTO PATIENT (ID, GIVENNAME, NAME, INSURANCE, PRIVATELYINSURED, ASSISTANCEINSURANCE, BIRTHDAY, ADDRESS, ZIPCODE, CITY, PHONE, EMAIL, CREATED, MODIFIED) VALUES (3, 'Jason', 'McDonald', 'IRUY', FALSE, TRUE, {ts '1999-01-01'}, 'KING ALEXANDER RD', '99999', 'Babylon', '24352452452352','jason.mcdonald@testing.test', {ts '2014-08-15 14:57:51'}, {ts '2014-08-21 20:07:51'});
INSERT INTO PATIENTDYNAMIC(ID, PATIENT, FIELDNAME, VALUE) VALUES (7, 3, 'AKDFADKSFJRKNFRND', 'asld;kfjalkdfr/kj`@!daklfjdsakf');
INSERT INTO PATIENTDYNAMIC(ID, PATIENT, FIELDNAME, VALUE) VALUES (8, 3, '123445667', 'bubu@bubu.bu');
INSERT INTO PATIENT (ID, GIVENNAME, NAME, INSURANCE, PRIVATELYINSURED, ASSISTANCEINSURANCE, BIRTHDAY, ADDRESS, ZIPCODE, CITY, PHONE, EMAIL, CREATED, MODIFIED) VALUES (4, 'Vanessa', 'Ross', 'UVW', TRUE, FALSE, {ts '1999-01-01'}, 'KING ALEXANDER RD', '99999', 'Babylon', '23454254254/2345','vanessa.ross@testing.test', {ts '2014-08-15 14:57:51'}, {ts '2014-08-21 20:07:51'});
INSERT INTO PATIENTDYNAMIC(ID, PATIENT, FIELDNAME, VALUE) VALUES (9, 4, 'AKDFADKSFJRKNFRND', '94328584758953678056738056735486735048673504896');
INSERT INTO PATIENTDYNAMIC(ID, PATIENT, FIELDNAME, VALUE) VALUES (10, 4, 'AKLDSJFALKSDFJAKDFRKFVVA', 'bubu@bubu.bu');
INSERT INTO PATIENT (ID, GIVENNAME, NAME, INSURANCE, PRIVATELYINSURED, ASSISTANCEINSURANCE, BIRTHDAY, ADDRESS, ZIPCODE, CITY, PHONE, EMAIL, CREATED, MODIFIED) VALUES (5, 'Carl', 'Metcalfe', 'ABB', FALSE, TRUE, {ts '1999-01-01'}, 'KING ALEXANDER RD', '99999', 'Babylon', '32454235:245','carl.metcalfe@testing.test', {ts '2014-08-15 14:57:51'}, {ts '2014-08-21 20:07:51'});
INSERT INTO PATIENT (ID, GIVENNAME, NAME, INSURANCE, PRIVATELYINSURED, ASSISTANCEINSURANCE, BIRTHDAY, ADDRESS, ZIPCODE, CITY, PHONE, EMAIL, CREATED, MODIFIED) VALUES (6, 'Jake', 'Davies', 'CIA', TRUE, FALSE, {ts '1999-01-01'}, 'KING ALEXANDER RD', '99999', 'Babylon', '543657458769','jake.davies@testing.test', {ts '2014-08-15 14:57:51'}, {ts '2014-08-21 20:07:51'});
INSERT INTO PATIENT (ID, GIVENNAME, NAME, INSURANCE, PRIVATELYINSURED, ASSISTANCEINSURANCE, BIRTHDAY, ADDRESS, ZIPCODE, CITY, PHONE, EMAIL, CREATED, MODIFIED) VALUES (7, 'Alexandra', 'Grant', 'FBI', FALSE, FALSE, {ts '1999-01-01'}, 'KING ALEXANDER RD', '99999', 'Babylon', '23454431427','alexandra.grant@testing.test', {ts '2014-08-15 14:57:51'}, {ts '2014-08-21 20:07:51'});
INSERT INTO PATIENTDYNAMIC(ID, PATIENT, FIELDNAME, VALUE) VALUES (11, 7, 'AKDFADKSFJRKNFRND', '2020202');
INSERT INTO PATIENTDYNAMIC(ID, PATIENT, FIELDNAME, VALUE) VALUES (12, 7, 'AKLDSJFALKSDFJAKDFRKFVVA', 'bubu@bubu.bu');
INSERT INTO PATIENT (ID, GIVENNAME, NAME, INSURANCE, PRIVATELYINSURED, ASSISTANCEINSURANCE, BIRTHDAY, ADDRESS, ZIPCODE, CITY, PHONE, EMAIL, CREATED, MODIFIED) VALUES (8, 'Blake', 'Sutherland', 'KDW', TRUE, FALSE, {ts '1999-01-01'}, 'KING ALEXANDER RD', '99999', 'Babylon', '7647656534','blake.sutherland@testing.test', {ts '2014-08-15 14:57:51'}, {ts '2014-08-21 20:07:51'});
INSERT INTO PATIENTDYNAMIC(ID, PATIENT, FIELDNAME, VALUE) VALUES (13, 8, 'AKDFADKSFJRKNFRND', '8868865');
INSERT INTO PATIENTDYNAMIC(ID, PATIENT, FIELDNAME, VALUE) VALUES (14, 8, 'AKLDSJFALKSDFJAKDFRKFVVA', 'bubu@bubu.bu');
INSERT INTO PATIENT (ID, GIVENNAME, NAME, INSURANCE, PRIVATELYINSURED, ASSISTANCEINSURANCE, BIRTHDAY, ADDRESS, ZIPCODE, CITY, PHONE, EMAIL, CREATED, MODIFIED) VALUES (9, 'Rebecca', 'Poole', 'KDFKENK:LK', FALSE, FALSE, {ts '1999-01-01'}, 'KING ALEXANDER RD', '99999', 'Babylon', '234576','rebecca.poole@testing.test', {ts '2014-08-15 14:57:51'}, {ts '2014-08-21 20:07:51'});
INSERT INTO PATIENT (ID, GIVENNAME, NAME, INSURANCE, PRIVATELYINSURED, ASSISTANCEINSURANCE, BIRTHDAY, ADDRESS, ZIPCODE, CITY, PHONE, EMAIL, CREATED, MODIFIED) VALUES (10, 'Alexandra', 'Duncan', 'EEE123', TRUE, FALSE, {ts '1999-01-01'}, 'KING ALEXANDER RD', '99999', 'Babylon', '2564367657','alexandra.duncan@testing.test', {ts '2014-08-15 14:57:51'}, {ts '2014-08-21 20:07:51'});
INSERT INTO PATIENTDYNAMIC(ID, PATIENT, FIELDNAME, VALUE) VALUES (15, 9, 'AKDFADKSFJRKNFRND', '4235463635');
INSERT INTO PATIENTDYNAMIC(ID, PATIENT, FIELDNAME, VALUE) VALUES (16, 9, 'AKLDSJFALKSDFJAKDFRKFVVA', 'bubu@bubu.bu');
INSERT INTO PATIENT (ID, GIVENNAME, NAME, INSURANCE, PRIVATELYINSURED, ASSISTANCEINSURANCE, BIRTHDAY, ADDRESS, ZIPCODE, CITY, PHONE, EMAIL, CREATED, MODIFIED) VALUES (11, 'Chloe', 'Langdon', 'DLSKF', FALSE, FALSE, {ts '1999-01-01'}, 'KING ALEXANDER RD', '99999', 'Babylon', '137667','chloe.langdon@testing.test', {ts '2014-08-15 14:57:51'}, {ts '2014-08-21 20:07:51'});
INSERT INTO PATIENT (ID, GIVENNAME, NAME, INSURANCE, PRIVATELYINSURED, ASSISTANCEINSURANCE, BIRTHDAY, ADDRESS, ZIPCODE, CITY, PHONE, EMAIL, CREATED, MODIFIED) VALUES (12, 'Dominic', 'Gray', 'KRJM', TRUE, FALSE, {ts '1999-01-01'}, 'KING ALEXANDER RD', '99999', 'Babylon', '6478','dominic.gray@testing.test', {ts '2014-08-15 14:57:51'}, {ts '2014-08-21 20:07:51'});
INSERT INTO PATIENT (ID, GIVENNAME, NAME, INSURANCE, PRIVATELYINSURED, ASSISTANCEINSURANCE, BIRTHDAY, ADDRESS, ZIPCODE, CITY, PHONE, EMAIL, CREATED, MODIFIED) VALUES (13, 'Vanessa', 'Nolan', 'III', FALSE, TRUE, {ts '1999-01-01'}, 'KING ALEXANDER RD', '99999', 'Babylon', '4563467','vanessa.nolan@testing.test', {ts '2014-08-15 14:57:51'}, {ts '2014-08-21 20:07:51'});
INSERT INTO PATIENT (ID, GIVENNAME, NAME, INSURANCE, PRIVATELYINSURED, ASSISTANCEINSURANCE, BIRTHDAY, ADDRESS, ZIPCODE, CITY, PHONE, EMAIL, CREATED, MODIFIED) VALUES (14, 'Brandon', 'Hemmings', 'alkdsfjKRkafjdksKAKLFJ', TRUE, FALSE, {ts '1999-01-01'}, 'KING ALEXANDER RD', '99999', 'Babylon', '8247903572','brandon.hemmings@testing.test', {ts '2014-08-15 14:57:51'}, {ts '2014-08-21 20:07:51'});
INSERT INTO PATIENT (ID, GIVENNAME, NAME, INSURANCE, PRIVATELYINSURED, ASSISTANCEINSURANCE, BIRTHDAY, ADDRESS, ZIPCODE, CITY, PHONE, EMAIL, CREATED, MODIFIED) VALUES (15, 'Bernadette', 'Randall', 'ABC', FALSE, FALSE, {ts '1999-01-01'}, 'KING ALEXANDER RD', '99999', 'Babylon', '8432750','bernadette.randall@testing.test', {ts '2014-08-15 14:57:51'}, {ts '2014-08-21 20:07:51'});
INSERT INTO PATIENT (ID, GIVENNAME, NAME, INSURANCE, PRIVATELYINSURED, ASSISTANCEINSURANCE, BIRTHDAY, ADDRESS, ZIPCODE, CITY, PHONE, EMAIL, CREATED, MODIFIED) VALUES (16, 'Natalie', 'Newman', 'XYZ', TRUE, FALSE, {ts '1999-01-01'}, 'KING ALEXANDER RD', '99999', 'Babylon', '2934850243875','natalie.newman@testing.test', {ts '2014-08-15 14:57:51'}, {ts '2014-08-21 20:07:51'});
INSERT INTO PATIENT (ID, GIVENNAME, NAME, INSURANCE, PRIVATELYINSURED, ASSISTANCEINSURANCE, BIRTHDAY, ADDRESS, ZIPCODE, CITY, PHONE, EMAIL, CREATED, MODIFIED) VALUES (17, 'Paul', 'Stewart', 'FBI', FALSE, FALSE, {ts '1999-01-01'}, 'KING ALEXANDER RD', '99999', 'Babylon', '2897430976854','paul.stewart@testing.test', {ts '2014-08-15 14:57:51'}, {ts '2014-08-21 20:07:51'});
INSERT INTO PATIENT (ID, GIVENNAME, NAME, INSURANCE, PRIVATELYINSURED, ASSISTANCEINSURANCE, BIRTHDAY, ADDRESS, ZIPCODE, CITY, PHONE, EMAIL, CREATED, MODIFIED) VALUES (18, 'Sam', 'Avery', 'AGG', TRUE, FALSE, {ts '1999-01-01'}, 'KING ALEXANDER RD', '99999', 'Babylon', '078964353','sam.avery@testing.test', {ts '2014-08-15 14:57:51'}, {ts '2014-08-21 20:07:51'});
INSERT INTO PATIENT (ID, GIVENNAME, NAME, INSURANCE, PRIVATELYINSURED, ASSISTANCEINSURANCE, BIRTHDAY, ADDRESS, ZIPCODE, CITY, PHONE, EMAIL, CREATED, MODIFIED) VALUES (19, 'Claire', 'Kerr', 'ABB', FALSE, FALSE, {ts '1999-01-01'}, 'KING ALEXANDER RD', '99999', 'Babylon', '027458942','claire.kerr@testing.test', {ts '2014-08-15 14:57:51'}, {ts '2014-08-21 20:07:51'});
INSERT INTO PATIENT (ID, GIVENNAME, NAME, INSURANCE, PRIVATELYINSURED, ASSISTANCEINSURANCE, BIRTHDAY, ADDRESS, ZIPCODE, CITY, PHONE, EMAIL, CREATED, MODIFIED) VALUES (20, 'Joshua', 'King', 'AGG', TRUE, FALSE, {ts '1999-01-01'}, 'KING ALEXANDER RD', '99999', 'Babylon', '-2097385925','joshua.king@testing.test', {ts '2014-08-15 14:57:51'}, {ts '2014-08-21 20:07:51'});
INSERT INTO PATIENT (ID, GIVENNAME, NAME, INSURANCE, PRIVATELYINSURED, ASSISTANCEINSURANCE, BIRTHDAY, ADDRESS, ZIPCODE, CITY, PHONE, EMAIL, CREATED, MODIFIED) VALUES (21, 'Donna', 'Murray', 'HUI', FALSE, FALSE, {ts '1999-01-01'}, 'KING ALEXANDER RD', '99999', 'Babylon', '243875908458','donna.murray@testing.test', {ts '2014-08-15 14:57:51'}, {ts '2014-08-21 20:07:51'});
INSERT INTO PATIENT (ID, GIVENNAME, NAME, INSURANCE, PRIVATELYINSURED, ASSISTANCEINSURANCE, BIRTHDAY, ADDRESS, ZIPCODE, CITY, PHONE, EMAIL, CREATED, MODIFIED) VALUES (22, 'Joshua', 'North', 'TUI', TRUE, FALSE, {ts '1999-01-01'}, 'KING ALEXANDER RD', '99999', 'Babylon', '8978765237845678','joshua.north@testing.test', {ts '2014-08-15 14:57:51'}, {ts '2014-08-21 20:07:51'});
INSERT INTO PATIENT (ID, GIVENNAME, NAME, INSURANCE, PRIVATELYINSURED, ASSISTANCEINSURANCE, BIRTHDAY, ADDRESS, ZIPCODE, CITY, PHONE, EMAIL, CREATED, MODIFIED) VALUES (23, 'Frank', 'Vaughan', 'TUI', FALSE, FALSE, {ts '1999-01-01'}, 'KING ALEXANDER RD', '99999', 'Babylon', '2843578268452','frank.vaughan@testing.test', {ts '2014-08-15 14:57:51'}, {ts '2014-08-21 20:07:51'});
INSERT INTO PATIENT (ID, GIVENNAME, NAME, INSURANCE, PRIVATELYINSURED, ASSISTANCEINSURANCE, BIRTHDAY, ADDRESS, ZIPCODE, CITY, PHONE, EMAIL, CREATED, MODIFIED) VALUES (24, 'Angela', 'Nash', 'TYI', TRUE, FALSE, {ts '1999-01-01'}, 'KING ALEXANDER RD', '99999', 'Babylon', '43857868','angela.nash@testing.test', {ts '2014-08-15 14:57:51'}, {ts '2014-08-21 20:07:51'});
INSERT INTO PATIENT (ID, GIVENNAME, NAME, INSURANCE, PRIVATELYINSURED, ASSISTANCEINSURANCE, BIRTHDAY, ADDRESS, ZIPCODE, CITY, PHONE, EMAIL, CREATED, MODIFIED) VALUES (25, 'Dylan', 'MacLeod', 'TUI', FALSE, FALSE, {ts '1999-01-01'}, 'KING ALEXANDER RD', '99999', 'Babylon', '67243855','dylan.macleod@testing.test', {ts '2014-08-15 14:57:51'}, {ts '2014-08-21 20:07:51'});
INSERT INTO PATIENT (ID, GIVENNAME, NAME, INSURANCE, PRIVATELYINSURED, ASSISTANCEINSURANCE, BIRTHDAY, ADDRESS, ZIPCODE, CITY, PHONE, EMAIL, CREATED, MODIFIED) VALUES (26, 'Fiona', 'Forsyth', 'EEE', TRUE, FALSE, {ts '1999-01-01'}, 'KING ALEXANDER RD', '99999', 'Babylon', '890237452645','fiona.forsyth@testing.test', {ts '2014-08-15 14:57:51'}, {ts '2014-08-21 20:07:51'});
INSERT INTO PATIENT (ID, GIVENNAME, NAME, INSURANCE, PRIVATELYINSURED, ASSISTANCEINSURANCE, BIRTHDAY, ADDRESS, ZIPCODE, CITY, PHONE, EMAIL, CREATED, MODIFIED) VALUES (27, 'Michael', 'McGrath', 'QWE', FALSE, FALSE, {ts '1999-01-01'}, 'KING ALEXANDER RD', '99999', 'Babylon', '89072435465','michael.mcgrath@testing.test', {ts '2014-08-15 14:57:51'}, {ts '2014-08-21 20:07:51'});
INSERT INTO PATIENT (ID, GIVENNAME, NAME, INSURANCE, PRIVATELYINSURED, ASSISTANCEINSURANCE, BIRTHDAY, ADDRESS, ZIPCODE, CITY, PHONE, EMAIL, CREATED, MODIFIED) VALUES (28, 'Fiona', 'Scott', 'QWE', TRUE, FALSE, {ts '1999-01-01'}, 'KING ALEXANDER RD', '99999', 'Babylon', '23045897904375','fiona.scott@testing.test', {ts '2014-08-15 14:57:51'}, {ts '2014-08-21 20:07:51'});
INSERT INTO PATIENT (ID, GIVENNAME, NAME, INSURANCE, PRIVATELYINSURED, ASSISTANCEINSURANCE, BIRTHDAY, ADDRESS, ZIPCODE, CITY, PHONE, EMAIL, CREATED, MODIFIED) VALUES (29, 'Sally', 'Langdon', 'UUU', FALSE, FALSE, {ts '1999-01-01'}, 'KING ALEXANDER RD', '99999', 'Babylon', '42358729864578728','sally.langdon@testing.test', {ts '2014-08-15 14:57:51'}, {ts '2014-08-21 20:07:51'});
INSERT INTO PATIENT (ID, GIVENNAME, NAME, INSURANCE, PRIVATELYINSURED, ASSISTANCEINSURANCE, BIRTHDAY, ADDRESS, ZIPCODE, CITY, PHONE, EMAIL, CREATED, MODIFIED) VALUES (30, 'Vanessa', 'Sharp', 'FBI', TRUE, FALSE, {ts '1999-01-01'}, 'KING ALEXANDER RD', '99999', 'Babylon', '980-9897865243765','vanessa.sharp@testing.test', {ts '2014-08-15 14:57:51'}, {ts '2014-08-21 20:07:51'});
INSERT INTO PATIENT (ID, GIVENNAME, NAME, INSURANCE, PRIVATELYINSURED, ASSISTANCEINSURANCE, BIRTHDAY, ADDRESS, ZIPCODE, CITY, PHONE, EMAIL, CREATED, MODIFIED) VALUES (31, 'Irene', 'Peters', 'HHHY', FALSE, FALSE, {ts '1999-01-01'}, 'KING ALEXANDER RD', '99999', 'Babylon', '8437985692745','irene.peters@testing.test', {ts '2014-08-15 14:57:51'}, {ts '2014-08-21 20:07:51'});
INSERT INTO PATIENT (ID, GIVENNAME, NAME, INSURANCE, PRIVATELYINSURED, ASSISTANCEINSURANCE, BIRTHDAY, ADDRESS, ZIPCODE, CITY, PHONE, EMAIL, CREATED, MODIFIED) VALUES (32, 'Sophie', 'Clark', 'LALALA', TRUE, FALSE, {ts '1999-01-01'}, 'KING ALEXANDER RD', '99999', 'Babylon', '89047957459','sophie.clark@testing.test', {ts '2014-08-15 14:57:51'}, {ts '2014-08-21 20:07:51'});
INSERT INTO PATIENT (ID, GIVENNAME, NAME, INSURANCE, PRIVATELYINSURED, ASSISTANCEINSURANCE, BIRTHDAY, ADDRESS, ZIPCODE, CITY, PHONE, EMAIL, CREATED, MODIFIED) VALUES (33, 'Frank', 'Springer', 'LA:A:A', FALSE, FALSE, {ts '1999-01-01'}, 'KING ALEXANDER RD', '99999', 'Babylon', '143809574950','frank.springer@testing.test', {ts '2014-08-15 14:57:51'}, {ts '2014-08-21 20:07:51'});
INSERT INTO PATIENT (ID, GIVENNAME, NAME, INSURANCE, PRIVATELYINSURED, ASSISTANCEINSURANCE, BIRTHDAY, ADDRESS, ZIPCODE, CITY, PHONE, EMAIL, CREATED, MODIFIED) VALUES (34, 'Claire', 'Lyman', 'UUIR', TRUE, FALSE, {ts '1999-01-01'}, 'KING ALEXANDER RD', '99999', 'Babylon', '897678','claire.lyman@testing.test', {ts '2014-08-15 14:57:51'}, {ts '2014-08-21 20:07:51'});
INSERT INTO PATIENT (ID, GIVENNAME, NAME, INSURANCE, PRIVATELYINSURED, ASSISTANCEINSURANCE, BIRTHDAY, ADDRESS, ZIPCODE, CITY, PHONE, EMAIL, CREATED, MODIFIED) VALUES (35, 'Una', 'Walker', 'PO09', TRUE, FALSE, {ts '1999-01-01'}, 'KING ALEXANDER RD', '99999', 'Babylon', '843276435','una.walker@testing.test', {ts '2014-08-15 14:57:51'}, {ts '2014-08-21 20:07:51'});
INSERT INTO PATIENT (ID, GIVENNAME, NAME, INSURANCE, PRIVATELYINSURED, ASSISTANCEINSURANCE, BIRTHDAY, ADDRESS, ZIPCODE, CITY, PHONE, EMAIL, CREATED, MODIFIED) VALUES (36, 'Lisa', 'Grant', 'KLJFKdj&Partner', TRUE, FALSE, {ts '1999-01-01'}, 'KING ALEXANDER RD', '99999', 'Babylon', '0998748756','lisa.grant@testing.test', {ts '2014-08-15 14:57:51'}, {ts '2014-08-21 20:07:51'});
INSERT INTO PATIENT (ID, GIVENNAME, NAME, INSURANCE, PRIVATELYINSURED, ASSISTANCEINSURANCE, BIRTHDAY, ADDRESS, ZIPCODE, CITY, PHONE, EMAIL, CREATED, MODIFIED) VALUES (37, 'Owen', 'White', 'AHD', TRUE, FALSE, {ts '1999-01-01'}, 'KING ALEXANDER RD', '99999', 'Babylon', '8475456','owen.white@testing.test', {ts '2014-08-15 14:57:51'}, {ts '2014-08-21 20:07:51'});
INSERT INTO PATIENT (ID, GIVENNAME, NAME, INSURANCE, PRIVATELYINSURED, ASSISTANCEINSURANCE, BIRTHDAY, ADDRESS, ZIPCODE, CITY, PHONE, EMAIL, CREATED, MODIFIED) VALUES (38, 'Oliver', 'Ferguson', 'KGB', TRUE, FALSE, {ts '1999-01-01'}, 'KING ALEXANDER RD', '99999', 'Babylon', '6834957275','oliver.ferguson@testing.test', {ts '2014-08-15 14:57:51'}, {ts '2014-08-21 20:07:51'});
INSERT INTO PATIENT (ID, GIVENNAME, NAME, INSURANCE, PRIVATELYINSURED, ASSISTANCEINSURANCE, BIRTHDAY, ADDRESS, ZIPCODE, CITY, PHONE, EMAIL, CREATED, MODIFIED) VALUES (39, 'Amy', 'Payne', 'KFERK', TRUE, FALSE, {ts '1999-01-01'}, 'KING ALEXANDER RD', '99999', 'Babylon', '5984897584','amy.payne@testing.test', {ts '2014-08-15 14:57:51'}, {ts '2014-08-21 20:07:51'});
INSERT INTO PATIENT (ID, GIVENNAME, NAME, INSURANCE, PRIVATELYINSURED, ASSISTANCEINSURANCE, BIRTHDAY, ADDRESS, ZIPCODE, CITY, PHONE, EMAIL, CREATED, MODIFIED) VALUES (40, 'Katherine', 'McGrath', 'RIIR', TRUE, FALSE, {ts '1999-01-01'}, 'KING ALEXANDER RD', '99999', 'Babylon', '584431975493','katherine.mcgrath@testing.test', {ts '2014-08-15 14:57:51'}, {ts '2014-08-21 20:07:51'});
INSERT INTO PATIENT (ID, GIVENNAME, NAME, INSURANCE, PRIVATELYINSURED, ASSISTANCEINSURANCE, BIRTHDAY, ADDRESS, ZIPCODE, CITY, PHONE, EMAIL, CREATED, MODIFIED) VALUES (41, 'Boris', 'North', 'NVN', TRUE, FALSE, {ts '1999-01-01'}, 'KING ALEXANDER RD', '99999', 'Babylon', '90439857485','boris.north@testing.test', {ts '2014-08-15 14:57:51'}, {ts '2014-08-21 20:07:51'});
INSERT INTO PATIENT (ID, GIVENNAME, NAME, INSURANCE, PRIVATELYINSURED, ASSISTANCEINSURANCE, BIRTHDAY, ADDRESS, ZIPCODE, CITY, PHONE, EMAIL, CREATED, MODIFIED) VALUES (42, 'Thomas', 'Quinn', 'MRKF', TRUE, FALSE, {ts '1999-01-01'}, 'KING ALEXANDER RD', '99999', 'Babylon', '39048903754','thomas.quinn@testing.test', {ts '2014-08-15 14:57:51'}, {ts '2014-08-21 20:07:51'});
INSERT INTO APPOINTMENT(ID, PATIENT, DATE, DURATION, SERVICE, DESCRIPTION) VALUES (7, 42, {ts '2016-12-05 11:45:00'}, 0.5, 1, '');
INSERT INTO APPOINTMENT(ID, PATIENT, DATE, DURATION, SERVICE, DESCRIPTION) VALUES (8, 42, {ts '2017-01-05 8:00:00'}, 0.5, 1, '');
INSERT INTO APPOINTMENT(ID, PATIENT, DATE, DURATION, SERVICE, DESCRIPTION) VALUES (9, 42, {ts '2017-02-05 11:45:00'}, 0.5, 1, '');
INSERT INTO APPOINTMENT(ID, PATIENT, DATE, DURATION, SERVICE, DESCRIPTION) VALUES (10, 42, {ts '2017-02-17 9:45:00'}, 0.5, 1, '');
INSERT INTO APPOINTMENT(ID, PATIENT, DATE, DURATION, SERVICE, DESCRIPTION) VALUES (11, 42, {ts '2017-04-05 11:45:00'}, 0.5, 1, '');
INSERT INTO PATIENT (ID, GIVENNAME, NAME, INSURANCE, PRIVATELYINSURED, ASSISTANCEINSURANCE, BIRTHDAY, ADDRESS, ZIPCODE, CITY, PHONE, EMAIL, CREATED, MODIFIED) VALUES (43, 'Sue', 'Bailey', 'KFER', TRUE, FALSE, {ts '1999-01-01'}, 'KING ALEXANDER RD', '99999', 'Babylon', '304985975','sue.bailey@testing.test', {ts '2014-08-15 14:57:51'}, {ts '2014-08-21 20:07:51'});
INSERT INTO PATIENT (ID, GIVENNAME, NAME, INSURANCE, PRIVATELYINSURED, ASSISTANCEINSURANCE, BIRTHDAY, ADDRESS, ZIPCODE, CITY, PHONE, EMAIL, CREATED, MODIFIED) VALUES (44, 'Sebastian', 'Martin', 'TKK', TRUE, FALSE, {ts '1999-01-01'}, 'KING ALEXANDER RD', '99999', 'Babylon', '57695847645','sebastian.martin@testing.test', {ts '2014-08-15 14:57:51'}, {ts '2014-08-21 20:07:51'});
INSERT INTO PATIENT (ID, GIVENNAME, NAME, INSURANCE, PRIVATELYINSURED, ASSISTANCEINSURANCE, BIRTHDAY, ADDRESS, ZIPCODE, CITY, PHONE, EMAIL, CREATED, MODIFIED) VALUES (45, 'Christian', 'Edmunds', 'WÜ', TRUE, FALSE, {ts '1999-01-01'}, 'KING ALEXANDER RD', '99999', 'Babylon', '123453','christian.edmunds@testing.test', {ts '2014-08-15 14:57:51'}, {ts '2014-08-21 20:07:51'});
INSERT INTO PATIENT (ID, GIVENNAME, NAME, INSURANCE, PRIVATELYINSURED, ASSISTANCEINSURANCE, BIRTHDAY, ADDRESS, ZIPCODE, CITY, PHONE, EMAIL, CREATED, MODIFIED) VALUES (46, 'Harry', 'Walsh', 'fkr', TRUE, FALSE, {ts '1999-01-01'}, 'KING ALEXANDER RD', '99999', 'Babylon', '4389579464','harry.walsh@testing.test', {ts '2014-08-15 14:57:51'}, {ts '2014-08-21 20:07:51'});
INSERT INTO PATIENT (ID, GIVENNAME, NAME, INSURANCE, PRIVATELYINSURED, ASSISTANCEINSURANCE, BIRTHDAY, ADDRESS, ZIPCODE, CITY, PHONE, EMAIL, CREATED, MODIFIED) VALUES (47, 'Andrea', 'Wright', 'ad', TRUE, FALSE, {ts '1999-01-01'}, 'KING ALEXANDER RD', '99999', 'Babylon', '0984569584764','andrea.wright@testing.test', {ts '2014-08-15 14:57:51'}, {ts '2014-08-21 20:07:51'});
INSERT INTO PATIENT (ID, GIVENNAME, NAME, INSURANCE, PRIVATELYINSURED, ASSISTANCEINSURANCE, BIRTHDAY, ADDRESS, ZIPCODE, CITY, PHONE, EMAIL, CREATED, MODIFIED) VALUES (48, 'Lillian', 'Langdon', 'KFK', TRUE, FALSE, {ts '1999-01-01'}, 'KING ALEXANDER RD', '99999', 'Babylon', '68435987953','lillian.langdon@testing.test', {ts '2014-08-15 14:57:51'}, {ts '2014-08-21 20:07:51'});
INSERT INTO PATIENT (ID, GIVENNAME, NAME, INSURANCE, PRIVATELYINSURED, ASSISTANCEINSURANCE, BIRTHDAY, ADDRESS, ZIPCODE, CITY, PHONE, EMAIL, CREATED, MODIFIED) VALUES (49, 'Steven', 'Duncan', 'FKRKJFDKJFKDFKDF', TRUE, FALSE, {ts '1999-01-01'}, 'KING ALEXANDER RD', '99999', 'Babylon', '948597635743','steven.duncan@testing.test', {ts '2014-08-15 14:57:51'}, {ts '2014-08-21 20:07:51'});
INSERT INTO PATIENT (ID, GIVENNAME, NAME, INSURANCE, PRIVATELYINSURED, ASSISTANCEINSURANCE, BIRTHDAY, ADDRESS, ZIPCODE, CITY, PHONE, EMAIL, CREATED, MODIFIED) VALUES (50, 'Evan', 'Dyer', 'END', TRUE, FALSE, {ts '1999-01-01'}, 'KING ALEXANDER RD', '99999', 'Babylon', '08453985876876784','evan.dyer@testing.test', {ts '2014-08-15 14:57:51'}, {ts '2014-08-21 20:07:51'});

INSERT INTO EXPENSE (ID, NAME, DESCRIPTION, COST, DATE, CREATED, MODIFIED) VALUES (1, 'Laptop', 'test 123', '234.0', {ts '2016-01-09'}, {ts '2015-08-15 14:57:51'}, {ts '2015-08-21 20:07:51'});
INSERT INTO EXPENSE (ID, NAME, DESCRIPTION, COST, DATE, CREATED, MODIFIED) VALUES (2, 'Coffee machine', 'test 123', 66, {ts '2016-01-19'}, {ts '2015-08-15 14:57:51'}, {ts '2015-08-21 20:07:51'});
INSERT INTO EXPENSE (ID, NAME, DESCRIPTION, COST, DATE, CREATED, MODIFIED) VALUES (3, 'software', 'test 123', 55, {ts '2016-02-09'}, {ts '2015-08-15 14:57:51'}, {ts '2015-08-21 20:07:51'});
INSERT INTO EXPENSE (ID, NAME, DESCRIPTION, COST, DATE, CREATED, MODIFIED) VALUES (4, 'Chairs', 'test 123', 345, {ts '2015-08-09'}, {ts '2015-08-15 14:57:51'}, {ts '2015-08-21 20:07:51'});
INSERT INTO EXPENSE (ID, NAME, DESCRIPTION, COST, DATE, CREATED, MODIFIED) VALUES (5, 'Table', 'test 123', 33, {ts '2015-09-09'}, {ts '2015-08-15 14:57:51'}, {ts '2015-08-21 20:07:51'});
INSERT INTO EXPENSE (ID, NAME, DESCRIPTION, COST, DATE, CREATED, MODIFIED) VALUES (6, 'KLSDJFKDLSFJKLF', 'test 123', 2345, {ts '2014-01-09'}, {ts '2015-08-15 14:57:51'}, {ts '2015-08-21 20:07:51'});
INSERT INTO EXPENSE (ID, NAME, DESCRIPTION, COST, DATE, CREATED, MODIFIED) VALUES (7, 'KLJSDFK:LJFL:', 'test 123', 2345, {ts '2016-01-07'}, {ts '2015-08-15 14:57:51'}, {ts '2015-08-21 20:07:51'});
INSERT INTO EXPENSE (ID, NAME, DESCRIPTION, COST, DATE, CREATED, MODIFIED) VALUES (8, 'UFIEEFHJCFE3434', 'test 123', 44456, {ts '2016-01-06'}, {ts '2015-08-15 14:57:51'}, {ts '2015-08-21 20:07:51'});
INSERT INTO EXPENSE (ID, NAME, DESCRIPTION, COST, DATE, CREATED, MODIFIED) VALUES (9, 'Kdj;KLJKALDSF', 'test 123', 12, {ts '2016-03-09'}, {ts '2015-08-15 14:57:51'}, {ts '2015-08-21 20:07:51'});
INSERT INTO EXPENSE (ID, NAME, DESCRIPTION, COST, DATE, CREATED, MODIFIED) VALUES (10, 'asdklflejrkrmnkrnmgff', 'test 123', 9777, {ts '2016-01-09'}, {ts '2015-08-15 14:57:51'}, {ts '2015-08-21 20:07:51'});
INSERT INTO EXPENSE (ID, NAME, DESCRIPTION, COST, DATE, CREATED, MODIFIED) VALUES (11, 'Books', 'test 123', 34, {ts '2016-01-09'}, {ts '2013-08-15 14:57:51'}, {ts '2015-08-21 20:07:51'});
INSERT INTO EXPENSE (ID, NAME, DESCRIPTION, COST, DATE, CREATED, MODIFIED) VALUES (12, 'Laptop', 'test 123', 354, {ts '2016-01-09'}, {ts '2015-08-15 14:57:51'}, {ts '2015-08-21 20:07:51'});
INSERT INTO EXPENSE (ID, NAME, DESCRIPTION, COST, DATE, CREATED, MODIFIED) VALUES (13, 'BOoks', 'test 123', 564, {ts '2016-01-09'}, {ts '2016-08-15 14:57:51'}, {ts '2015-08-21 20:07:51'});
INSERT INTO EXPENSE (ID, NAME, DESCRIPTION, COST, DATE, CREATED, MODIFIED) VALUES (14, 'KDLJFSKSLFJ:DKLSFJ', 'test 123', 444, {ts '2016-01-09'}, {ts '2015-08-15 14:57:51'}, {ts '2015-08-21 20:07:51'});
INSERT INTO EXPENSE (ID, NAME, DESCRIPTION, COST, DATE, CREATED, MODIFIED) VALUES (15, 'KDLFJS:LKDFJS:DKLFJ:DKLFSJ:SDKLF', 'test 123', 9889, {ts '2015-01-09'}, {ts '2015-08-15 14:57:51'}, {ts '2015-08-21 20:07:51'});
INSERT INTO EXPENSE (ID, NAME, DESCRIPTION, COST, DATE, CREATED, MODIFIED) VALUES (16, 'KDJF:KLSJF', 'test 123', 34, {ts '2016-01-09'}, {ts '2015-08-15 14:57:51'}, {ts '2015-08-21 20:07:51'});
INSERT INTO EXPENSE (ID, NAME, DESCRIPTION, COST, DATE, CREATED, MODIFIED) VALUES (17, 'LKDSJFEIRUEIRUR', 'test 123', 345, {ts '2016-01-09'}, {ts '2015-08-15 14:57:51'}, {ts '2015-08-21 20:07:51'});
INSERT INTO EXPENSE (ID, NAME, DESCRIPTION, COST, DATE, CREATED, MODIFIED) VALUES (18, 'MNNXBNEJ', 'test 123', 8876, {ts '2016-01-09'}, {ts '2015-08-15 14:57:51'}, {ts '2015-08-21 20:07:51'});
INSERT INTO EXPENSE (ID, NAME, DESCRIPTION, COST, DATE, CREATED, MODIFIED) VALUES (19, 'KJJK$JK$', 'test 123', 435, {ts '2015-01-09'}, {ts '2015-08-15 14:57:51'}, {ts '2015-08-21 20:07:51'});
